Name;ISIN;Symbol;Market;Currency;"Open Price";"High Price";"low Price";"last Price";"last Trade MIC Time";"Time Zone";Volume;Turnover;"Closing Price";"Closing Price DateTime"
"European Equities"
"25 Feb 2024"
"All datapoints provided as of end of last active trading day."
"2020 BULKERS";BMG9156K1018;2020;"Oslo Børs";NOK;154,70;157,40;154,50;155,40;"23/02/2024 16:25";CET;94242;14697225,40;155,40;23/02/2024
"5TH PLANET GAMES";DK0060945467;5PG;"Euronext Expand Oslo";NOK;1,77;1,82;1,692;1,692;"23/02/2024 16:18";CET;261449;448766,766;1,692;23/02/2024
"AASEN SPAREBANK";NO0010672181;AASB;"Euronext Growth Oslo";NOK;131,00;132,00;131,00;132,00;"22/02/2024 13:34";CET;100;13159,00;132,00;23/02/2024
"ABG SUNDAL COLLIER";NO0003021909;ABG;"Oslo Børs";NOK;6,58;6,58;6,45;6,46;"23/02/2024 16:25";CET;80899;525166,36;6,46;23/02/2024
"ABL GROUP";NO0010715394;ABL;"Oslo Børs";NOK;13,00;13,00;12,30;12,30;"23/02/2024 16:27";CET;72824;907002,35;12,30;23/02/2024
ADEVINTA;NO0010844038;ADE;"Oslo Børs";NOK;112,90;113,30;112,50;112,80;"23/02/2024 16:29";CET;268560;30347472,00;112,80;23/02/2024
"ADS MARITIME HOLD";CY0108052115;ADS;"Euronext Growth Oslo";NOK;2,06;2,20;2,02;2,18;"23/02/2024 14:00";CET;15424;32366,72;2,18;23/02/2024
AEGA;NO0012958539;AEGA;"Euronext Expand Oslo";NOK;2,10;2,29;2,10;2,24;"23/02/2024 16:25";CET;69726;153845,302;2,24;23/02/2024
"AF GRUPPEN";NO0003078107;AFG;"Oslo Børs";NOK;120,60;122,40;120,60;121,60;"23/02/2024 16:25";CET;33841;4121043,60;121,60;23/02/2024
AGILYX;NO0010872468;AGLX;"Oslo Børs";NOK;29,80;30,00;29,30;29,90;"23/02/2024 16:25";CET;157314;4675375,10;29,90;23/02/2024
AIRTHINGS;NO0010895568;AIRX;"Oslo Børs";NOK;2,94;3,00;2,915;2,965;"23/02/2024 15:37";CET;13891;40528,42;2,965;23/02/2024
AKASTOR;NO0010215684;AKAST;"Oslo Børs";NOK;11,68;11,68;11,16;11,20;"23/02/2024 16:25";CET;332210;3767157,50;11,20;23/02/2024
AKER;NO0010234552;AKER;"Oslo Børs";NOK;590,00;591,00;578,00;578,00;"23/02/2024 16:25";CET;46471;27074551,00;578,00;23/02/2024
"AKER BIOMARINE";NO0010886625;AKBM;"Oslo Børs";NOK;54,00;54,00;52,10;53,00;"23/02/2024 16:25";CET;23874;1271587,50;53,00;23/02/2024
"AKER BP";NO0010345853;AKRBP;"Oslo Børs";NOK;260,50;261,40;254,90;257,40;"23/02/2024 16:29";CET;708832;182949181,30;257,40;23/02/2024
"AKER CARBON CAPTUR";NO0010890304;ACC;"Oslo Børs";NOK;8,61;8,65;7,93;7,995;"23/02/2024 16:26";CET;2280802;18557944,91;7,995;23/02/2024
"AKER HORIZONS";NO0010921232;AKH;"Oslo Børs";NOK;3,89;3,89;3,57;3,57;"23/02/2024 16:26";CET;3297168;12045476,406;3,57;23/02/2024
"AKER SOLUTIONS";NO0010716582;AKSO;"Oslo Børs";NOK;35,24;35,38;34,82;34,98;"23/02/2024 16:25";CET;1143861;40065874,88;34,98;23/02/2024
"AKOBO MINERALS";SE0015193412;AKOBO;"Euronext Growth Oslo";NOK;3,56;3,56;2,90;3,52;"23/02/2024 15:41";CET;10431;30316,34;3,52;23/02/2024
"AKVA GROUP";NO0003097503;AKVA;"Oslo Børs";NOK;60,00;61,60;59,20;61,60;"23/02/2024 16:25";CET;8921;536006,60;61,60;23/02/2024
"ALTERNUS ENERGY GR";IE00BLRPRP89;ALT;"Euronext Growth Oslo";NOK;6,00;6,10;5,50;5,82;"23/02/2024 16:25";CET;222220;1287921,12;5,82;23/02/2024
AMSC;NO0010272065;AMSC;"Oslo Børs";NOK;27,00;27,10;26,80;27,10;"23/02/2024 16:25";CET;154110;4160570,40;27,10;23/02/2024
"ANDFJORD SALMON";NO0010829765;ANDF;"Euronext Growth Oslo";NOK;30,60;31,00;30,50;30,70;"23/02/2024 16:25";CET;9272;285123,80;30,70;23/02/2024
"AQUA BIO TECHNO";NO0010307135;ABTEC;"Euronext Expand Oslo";NOK;4,45;4,50;4,40;4,40;"23/02/2024 16:18";CET;94497;418864,37;4,40;23/02/2024
"AQUILA HOLDINGS";NO0010778095;AQUIL;"Euronext Expand Oslo";NOK;0,934;0,998;0,92;0,928;"23/02/2024 16:28";CET;105042;98458,228;0,928;23/02/2024
ARCHER;BMG0451H1170;ARCH;"Oslo Børs";NOK;0,924;0,924;0,91;0,914;"23/02/2024 16:25";CET;1990791;1826015,084;0,914;23/02/2024
"ARCTIC BIOSCIENCE";NO0010859580;ABS;"Euronext Growth Oslo";NOK;9,62;9,62;9,62;9,62;"23/02/2024 09:00";CET;2000;19240,00;9,62;23/02/2024
"ARCTIC FISH HOLDIN";NO0010917719;AFISH;"Euronext Growth Oslo";NOK;56,00;56,00;55,00;55,00;"23/02/2024 16:25";CET;7499;414345,00;55,00;23/02/2024
"ARCTICZYMES TECHNO";NO0010014632;AZT;"Oslo Børs";NOK;30,00;30,00;28,80;28,90;"23/02/2024 16:25";CET;7711;223049,90;28,90;23/02/2024
"ARENDALS FOSSEKOMP";NO0003572802;AFK;"Oslo Børs";NOK;148,60;151,60;144,60;151,60;"23/02/2024 16:25";CET;22129;3286049,00;151,60;23/02/2024
ARGEO;NO0010946593;ARGEO;"Euronext Growth Oslo";NOK;3,60;3,60;3,25;3,29;"23/02/2024 16:27";CET;2153657;7308432,95;3,29;23/02/2024
"ARRIBATEC GROUP";NO0012861667;ARR;"Oslo Børs";NOK;4,165;4,1995;4,1015;4,1995;"23/02/2024 15:51";CET;25635;106358,923;4,1995;23/02/2024
ASETEK;DK0060477263;ASTK;"Oslo Børs";NOK;8,00;8,12;7,78;8,12;"23/02/2024 16:25";CET;6520;51774,68;8,12;23/02/2024
ASTROCAST;CH1122548808;ASTRO;"Euronext Growth Oslo";NOK;1,00;1,00;0,98;0,98;"23/02/2024 16:25";CET;13837;13820,40;0,98;23/02/2024
ATEA;NO0004822503;ATEA;"Oslo Børs";NOK;127,20;127,40;126,00;126,00;"23/02/2024 16:25";CET;62975;7965466,40;126,00;23/02/2024
"ATLANTIC SAPPHIRE";NO0010768500;ASA;"Oslo Børs";NOK;1,50;1,50;1,43;1,44;"23/02/2024 16:25";CET;423648;612847,116;1,44;23/02/2024
"AURORA EIENDOM";NO0011032310;AURA;"Euronext Growth Oslo";NOK;84,50;84,50;84,50;84,50;"22/02/2024 15:56";CET;140;11830,00;84,50;23/02/2024
"AURSKOG SPAREBANK";NO0006001601;AURG;"Oslo Børs";NOK;220,00;220,00;218,00;220,00;"23/02/2024 14:02";CET;244;53552,00;220,00;23/02/2024
"AUSTEVOLL SEAFOOD";NO0010073489;AUSS;"Oslo Børs";NOK;74,60;74,80;73,60;74,40;"23/02/2024 16:25";CET;162136;12004329,60;74,40;23/02/2024
"AUTOSTORE HOLDINGS";BMG0670A1099;AUTO;"Oslo Børs";NOK;17,55;17,715;17,35;17,58;"23/02/2024 16:25";CET;4190997;48418994,05;17,58;23/02/2024
"AVANCE GAS HOLDING";BMG067231032;AGAS;"Oslo Børs";NOK;120,00;121,40;117,60;118,40;"23/02/2024 16:28";CET;151820;18035568,60;118,40;23/02/2024
"AWILCO DRILLING";NO0012785098;AWDR;"Euronext Growth Oslo";NOK;15,00;15,00;14,698;14,698;"23/02/2024 16:09";CET;552;8197,328;14,698;23/02/2024
"AWILCO LNG";NO0010607971;ALNG;"Euronext Expand Oslo";NOK;6,75;7,07;6,73;7,01;"23/02/2024 16:25";CET;562087;3872523,84;7,01;23/02/2024
AXACTOR;NO0010840515;ACR;"Oslo Børs";NOK;4,75;4,795;4,72;4,755;"23/02/2024 16:25";CET;264438;1253988,51;4,755;23/02/2024
"AYFIE GROUP";NO0012861683;AYFIE;"Euronext Growth Oslo";NOK;5,001;5,20;4,8505;4,8505;"21/02/2024 16:15";CET;23984;120321,93;4,8505;23/02/2024
"B2 Impact";NO0010633951;B2I;"Oslo Børs";NOK;8,00;8,06;7,85;7,88;"23/02/2024 16:25";CET;524946;4145025,64;7,88;23/02/2024
BAKKAFROST;FO0000000179;BAKKA;"Oslo Børs";NOK;650,00;657,50;644,00;652,00;"23/02/2024 16:25";CET;75024;48890312,00;652,00;23/02/2024
"BALTIC SEA PROP";NO0010810476;BALT;"Euronext Growth Oslo";NOK;48,00;48,00;48,00;48,00;"15/02/2024 10:52";CET;1150;55200,00;48,00;23/02/2024
"BARRAMUNDI GROUP";SGXZ33675836;BARRA;"Euronext Growth Oslo";NOK;1,16;1,16;0,86;0,99;"23/02/2024 16:01";CET;40622;39984,70;0,99;23/02/2024
BEERENBERG;NO0013017574;BBERG;"Euronext Growth Oslo";NOK;18,50;20,00;18,498;19,25;"23/02/2024 16:25";CET;207379;3927691,466;19,25;23/02/2024
BELSHIPS;NO0003094104;BELCO;"Oslo Børs";NOK;22,50;22,65;21,65;21,65;"23/02/2024 16:26";CET;404080;8883840,30;21,65;23/02/2024
"BENCHMARK HOLDINGS";GB00BGHPT808;BMK;"Euronext Growth Oslo";NOK;5,80;5,80;5,80;5,80;"19/02/2024 15:51";CET;1050;6090,00;5,80;23/02/2024
"BERGEN CARBON SOL";NO0010950249;BCS;"Euronext Growth Oslo";NOK;10,00;10,58;10,00;10,42;"23/02/2024 16:25";CET;13261;136357,50;10,42;23/02/2024
BERGENBIO;NO0010650013;BGBIO;"Oslo Børs";NOK;0,22;0,2315;0,21;0,228;"23/02/2024 16:25";CET;74368273;16582984,4475;0,228;23/02/2024
"BerGenBio TR";NO0012921495;BGBIS;"Oslo Børs";NOK;0,085;0,085;0,076;0,082;"23/02/2024 16:25";CET;1550887;123589,2623;0,082;23/02/2024
BEWI;NO0010890965;BEWI;"Oslo Børs";NOK;26,00;26,75;25,50;26,30;"23/02/2024 16:25";CET;154828;4047051,20;26,30;23/02/2024
"BIEN SPAREBANK";NO0012706763;BIEN;"Oslo Børs";NOK;84,00;84,00;84,00;84,00;"23/02/2024 13:19";CET;132;11088,00;84,00;23/02/2024
"BIOFISH HOLDING";NO0010955198;BFISH;"Euronext Growth Oslo";NOK;1,31;1,33;1,31;1,33;"23/02/2024 14:51";CET;108350;143938,50;1,33;23/02/2024
"BLACK SEA PROPERTY";NO0010755101;BSP;"Euronext Growth Oslo";NOK;0,284;0,284;0,282;0,282;"23/02/2024 10:55";CET;9796;2781,064;0,282;23/02/2024
BLUENORD;NO0010379266;BNOR;"Oslo Børs";NOK;531,00;535,00;515,00;519,00;"23/02/2024 16:26";CET;12089;6331048,00;519,00;23/02/2024
BONHEUR;NO0003110603;BONHR;"Oslo Børs";NOK;219,00;219,50;216,00;219,00;"23/02/2024 16:25";CET;16754;3653482,50;219,00;23/02/2024
BORGESTAD;NO0003111700;BOR;"Oslo Børs";NOK;0,286;0,293;0,283;0,293;"23/02/2024 16:13";CET;795620;230276,454;0,293;23/02/2024
"BORR DRILLING";BMG1466R1732;BORR;"Oslo Børs";NOK;67,70;67,70;65,20;65,80;"23/02/2024 16:25";CET;493638;32702907,55;65,80;23/02/2024
BORREGAARD;NO0010657505;BRG;"Oslo Børs";NOK;182,60;184,60;181,20;184,40;"23/02/2024 16:25";CET;24751;4532297,00;184,40;23/02/2024
BOUVET;NO0010360266;BOUV;"Oslo Børs";NOK;62,20;62,70;61,20;62,70;"23/02/2024 16:25";CET;22911;1425385,20;62,70;23/02/2024
"BW ENERGY LIMITED";BMG0702P1086;BWE;"Oslo Børs";NOK;26,25;26,70;26,25;26,70;"23/02/2024 16:25";CET;40538;1075613,50;26,70;23/02/2024
"BW LPG";BMG173841013;BWLPG;"Oslo Børs";NOK;135,10;139,30;134,70;135,40;"23/02/2024 16:27";CET;444262;60518187,1558;135,40;23/02/2024
"BW OFFSHORE LTD";BMG1738J1247;BWO;"Oslo Børs";NOK;22,90;23,18;22,50;22,68;"23/02/2024 16:25";CET;141637;3214991,14;22,68;23/02/2024
BYGGMA;NO0003087603;BMA;"Oslo Børs";NOK;19,00;19,00;19,00;19,00;"23/02/2024 16:25";CET;1711;32509,00;19,00;23/02/2024
CADELER;DK0061412772;CADLR;"Oslo Børs";NOK;43,88;44,50;43,50;44,18;"23/02/2024 16:25";CET;272508;12015941,40;44,18;23/02/2024
CAMBI;NO0010078850;CAMBI;"Euronext Growth Oslo";NOK;17,55;17,55;17,15;17,50;"23/02/2024 16:25";CET;22632;391668,75;17,50;23/02/2024
"CAPSOL TECHNOLOGI";NO0010923121;CAPSL;"Euronext Growth Oslo";NOK;13,00;13,00;12,40;12,60;"23/02/2024 16:25";CET;21147;265855,65;12,60;23/02/2024
CARASENT;NO0010123060;CARA;"Oslo Børs";NOK;10,12;10,84;10,02;10,42;"23/02/2024 16:27";CET;249665;2585428,92;10,42;23/02/2024
"CIRCA GROUP";NO0010917594;CIRCA;"Euronext Growth Oslo";NOK;1,40;1,415;1,20;1,355;"23/02/2024 16:29";CET;542254;698910,72;1,355;23/02/2024
"CIRCIO HOLDING";NO0013033795;CRNA;"Oslo Børs";NOK;5,80;6,299;5,781;6,00;"23/02/2024 16:25";CET;25893;151539,44;6,00;23/02/2024
"CLEAN SEAS SEAFOOD";AU000000CSS3;CSS;"Euronext Growth Oslo";NOK;2,52;2,52;2,52;2,52;"19/02/2024 13:13";CET;300;756,00;2,52;23/02/2024
"CLOUDBERRY CLEAN";NO0010876642;CLOUD;"Oslo Børs";NOK;9,02;9,05;8,90;9,02;"23/02/2024 16:25";CET;190147;1704530,56;9,02;23/02/2024
"CODELAB CAPITAL";NO0010895667;CODE;"Euronext Growth Oslo";NOK;0,45;0,456;0,394;0,43;"23/02/2024 16:25";CET;276241;118956,842;0,43;23/02/2024
CONTEXTVISION;SE0014731154;CONTX;"Oslo Børs";NOK;6,90;7,04;6,76;6,86;"23/02/2024 13:58";CET;32877;228111,78;6,86;23/02/2024
"COOL COMPANY";BMG2415A1137;CLCO;"Euronext Growth Oslo";NOK;121,90;122,90;119,40;120,70;"23/02/2024 16:25";CET;63682;7704203,40;120,70;23/02/2024
"CRAYON GROUP HOLD";NO0010808892;CRAYN;"Oslo Børs";NOK;80,55;81,95;79,40;80,65;"23/02/2024 16:25";CET;343279;27687888,80;80,65;23/02/2024
CYVIZ;NO0010015175;CYVIZ;"Euronext Growth Oslo";NOK;34,80;35,60;34,80;35,60;"23/02/2024 10:02";CET;200;6978,40;35,60;23/02/2024
"DEEP VALUE DRILLER";NO0010955917;DVD;"Euronext Growth Oslo";NOK;22,85;23,00;22,60;22,70;"23/02/2024 16:25";CET;43450;986441,15;22,70;23/02/2024
"DESERT CONTROL";NO0010963275;DSRT;"Euronext Growth Oslo";NOK;7,00;7,19;6,68;7,09;"23/02/2024 16:25";CET;61003;418216,29;7,09;23/02/2024
"DNB BANK";NO0010161896;DNB;"Oslo Børs";NOK;206,30;207,30;205,40;207,30;"23/02/2024 16:28";CET;1126023;232942416,90;207,30;23/02/2024
DNO;NO0003921009;DNO;"Oslo Børs";NOK;9,15;9,165;8,895;8,935;"23/02/2024 16:29";CET;1900231;17038931,33;8,935;23/02/2024
"DOF GROUP";NO0012851874;DOFG;"Oslo Børs";NOK;63,50;64,50;61,30;63,77;"23/02/2024 16:28";CET;2045111;129849619,88;63,77;23/02/2024
"DOLPHIN DRILLING";NO0012595950;DDRIL;"Euronext Growth Oslo";NOK;7,18;7,20;6,85;7,19;"23/02/2024 16:29";CET;778173;5460349,55;7,19;23/02/2024
"EAM SOLAR";NO0010607781;EAM;"Euronext Expand Oslo";NOK;16,35;17,15;16,15;17,15;"23/02/2024 16:29";CET;74358;1242042,45;17,15;23/02/2024
"ECIT AS B-AKSJER";NO0010939804;ECIT;"Euronext Growth Oslo";NOK;7,32;7,32;7,14;7,14;"23/02/2024 16:25";CET;32825;239517,92;7,14;23/02/2024
"EDDA WIND";NO0010998529;EWIND;"Oslo Børs";NOK;22,10;22,10;21,60;21,95;"23/02/2024 16:25";CET;23742;519581,90;21,95;23/02/2024
"EIDESVIK OFFSHORE";NO0010263023;EIOF;"Oslo Børs";NOK;13,12;13,20;13,00;13,00;"23/02/2024 16:29";CET;207732;2706809,84;13,00;23/02/2024
"ELECTROMAGNET GEO";NO0010358484;EMGS;"Oslo Børs";NOK;2,49;2,50;2,41;2,45;"23/02/2024 16:25";CET;67196;164414,45;2,45;23/02/2024
ELEKTROIMPORTØREN;NO0010911902;ELIMP;"Euronext Growth Oslo";NOK;8,54;8,70;8,50;8,70;"23/02/2024 16:25";CET;67501;576480,56;8,70;23/02/2024
ELKEM;NO0010816093;ELK;"Oslo Børs";NOK;19,47;19,66;19,15;19,31;"23/02/2024 16:25";CET;987544;19055467,01;19,31;23/02/2024
"ELLIPTIC LABORATOR";NO0010722283;ELABS;"Oslo Børs";NOK;14,00;14,00;13,50;13,52;"23/02/2024 16:25";CET;132586;1804255,52;13,52;23/02/2024
"ELMERA GROUP";NO0010815673;ELMRA;"Oslo Børs";NOK;29,80;30,90;29,80;30,56;"23/02/2024 16:26";CET;283584;8637195,56;30,56;23/02/2024
ELOPAK;NO0011002586;ELO;"Oslo Børs";NOK;32,25;35,45;32,15;34,40;"23/02/2024 16:25";CET;880585;29804792,20;34,40;23/02/2024
ENDÚR;NO0012555459;ENDUR;"Oslo Børs";NOK;39,80;39,80;36,70;37,50;"23/02/2024 16:25";CET;28025;1048943,10;37,50;23/02/2024
ENERGEIA;NO0012697715;ENERG;"Euronext Growth Oslo";NOK;1,15;1,21;1,15;1,21;"23/02/2024 15:49";CET;84859;99501,87;1,21;23/02/2024
"ENSURGE MICROPOWER";NO0012450008;ENSU;"Oslo Børs";NOK;0,3015;0,304;0,2705;0,29;"23/02/2024 16:26";CET;169332074;48490618,338;0,29;23/02/2024
ENTRA;NO0010716418;ENTRA;"Oslo Børs";NOK;107,00;107,60;106,00;106,50;"23/02/2024 16:25";CET;39469;4197016,10;106,50;23/02/2024
"ENVIPCO HOLDING";NL0015000GX8;ENVIP;"Euronext Growth Oslo";NOK;40,00;40,80;38,80;39,60;"23/02/2024 16:25";CET;5530;218728,60;39,60;23/02/2024
EQUINOR;NO0010096985;EQNR;"Oslo Børs";NOK;267,80;269,40;261,85;265,40;"23/02/2024 16:29";CET;2702233;716029562,65;265,40;23/02/2024
EQVA;NO0010708605;EQVA;"Oslo Børs";NOK;3,01;3,30;3,01;3,20;"23/02/2024 14:52";CET;35902;114682,29;3,20;23/02/2024
EUROPRIS;NO0010735343;EPR;"Oslo Børs";NOK;71,10;72,15;70,70;72,10;"23/02/2024 16:25";CET;100316;7203330,00;72,10;23/02/2024
EVERFUEL;DK0061414711;EFUEL;"Euronext Growth Oslo";NOK;8,01;8,34;7,00;7,30;"23/02/2024 16:25";CET;58170;444005,95;7,30;23/02/2024
"EXACT THERAPEUTICS";NO0010852213;EXTX;"Euronext Growth Oslo";NOK;12,00;12,00;12,00;12,00;"22/02/2024 09:00";CET;6;72,00;12,00;23/02/2024
"FLEX LNG";BMG359472021;FLNG;"Oslo Børs";NOK;266,00;266,40;262,00;264,00;"23/02/2024 16:25";CET;24436;6440259,20;264,00;23/02/2024
FRONTLINE;CY0200352116;FRO;"Oslo Børs";NOK;239,70;242,50;237,75;240,90;"23/02/2024 16:28";CET;809618;194991981,85;240,90;23/02/2024
"GAMING INNOVATION";US36467X2062;GIG;"Oslo Børs";NOK;33,50;35,00;32,15;34,45;"23/02/2024 16:25";CET;141488;4792633,95;34,45;23/02/2024
"GENTIAN DIAGNOSTIC";NO0010748866;GENT;"Oslo Børs";NOK;40,00;40,00;40,00;40,00;"23/02/2024 16:25";CET;32;1280,00;40,00;23/02/2024
"GIGANTE SALMON";NO0011013765;GIGA;"Euronext Growth Oslo";NOK;8,18;8,38;8,18;8,26;"23/02/2024 16:25";CET;19613;161877,26;8,26;23/02/2024
"GJENSIDIGE FORSIKR";NO0010582521;GJF;"Oslo Børs";NOK;171,90;172,70;169,70;172,70;"23/02/2024 16:27";CET;122106;20959087,60;172,70;23/02/2024
"GOLDEN ENERGY OFF";NO0010813843;GEOS;"Euronext Growth Oslo";NOK;1,422;1,488;1,422;1,48;"23/02/2024 15:58";CET;199549;293177,608;1,48;23/02/2024
"GOLDEN OCEAN GROUP";BMG396372051;GOGL;"Oslo Børs";NOK;122,00;124,80;122,00;124,50;"23/02/2024 16:29";CET;1010710;125036799,2489;124,50;23/02/2024
GOODTECH;NO0004913609;GOD;"Oslo Børs";NOK;11,20;12,50;11,20;12,45;"23/02/2024 16:26";CET;1017083;12147365,75;12,45;23/02/2024
"GRAM CAR CARRIERS";NO0011109563;GCC;"Oslo Børs";NOK;226,00;232,00;223,00;232,00;"23/02/2024 16:29";CET;98210;22303142,50;232,00;23/02/2024
"GREEN MINERALS";NO0010907744;GEM;"Euronext Growth Oslo";NOK;5,48;5,48;4,75;5,16;"23/02/2024 16:25";CET;223071;1132917,91;5,16;23/02/2024
"GRIEG SEAFOOD";NO0010365521;GSF;"Oslo Børs";NOK;63,50;63,70;61,10;62,35;"23/02/2024 16:25";CET;605301;37591305,30;62,35;23/02/2024
"GRONG SPAREBANK";NO0010636491;GRONG;"Euronext Growth Oslo";NOK;145,00;148,00;145,00;148,00;"23/02/2024 14:54";CET;200;29150,00;148,00;23/02/2024
GYLDENDAL;NO0004288200;GYL;"Oslo Børs";NOK;510,00;510,00;498,00;498,00;"23/02/2024 11:32";CET;25;12738,00;498,00;23/02/2024
"HAFNIA LIMITED";BMG4233B1090;HAFNI;"Oslo Børs";NOK;74,95;75,40;74,40;75,10;"23/02/2024 16:27";CET;874988;65579681,85;75,10;23/02/2024
"HAV GROUP";NO0010931918;HAV;"Euronext Growth Oslo";NOK;11,30;11,45;11,05;11,20;"23/02/2024 16:07";CET;30927;349630,70;11,20;23/02/2024
"HAVILA KYSTRUTEN";NO0011045429;HKY;"Euronext Growth Oslo";NOK;0,858;0,858;0,83;0,85;"23/02/2024 15:56";CET;107375;91050,47;0,85;23/02/2024
"HAVILA SHIPPING";NO0010257728;HAVI;"Oslo Børs";NOK;4,80;4,80;4,60;4,60;"23/02/2024 15:52";CET;41461;193467,03;4,60;23/02/2024
"HEXAGON COMPOSITES";NO0003067902;HEX;"Oslo Børs";NOK;20,60;20,60;19,92;20,32;"23/02/2024 16:25";CET;262632;3279994,21;20,32;23/02/2024
"HEXAGON PURUS";NO0010904923;HPUR;"Oslo Børs";NOK;7,05;7,39;6,85;6,88;"23/02/2024 16:25";CET;299553;2088951,04;6,88;23/02/2024
"HIMALAYA SHIPPING";BMG4660A1036;HSHP;"Euronext Expand Oslo";NOK;84,60;86,00;82,20;86,00;"23/02/2024 16:25";CET;195470;16466983,00;86,00;23/02/2024
"HOFSETH BIOCARE";NO0010598683;HBC;"Oslo Børs";NOK;2,38;2,38;2,30;2,35;"23/02/2024 16:25";CET;55187;127621,70;2,35;23/02/2024
"HORISONT ENERGI";NO0010917339;HRGI;"Euronext Growth Oslo";NOK;4,10;4,37;4,03;4,37;"23/02/2024 16:25";CET;35750;147203,40;4,37;23/02/2024
"HUDDLESTOCK FINTEC";NO0010859648;HUDL;"Euronext Growth Oslo";NOK;0,93;0,968;0,90;0,968;"23/02/2024 15:35";CET;328305;299161,524;0,968;23/02/2024
HUDDLY;NO0010776990;HDLY;"Euronext Growth Oslo";NOK;0,60;0,60;0,582;0,60;"23/02/2024 16:25";CET;212091;126916,60;0,60;23/02/2024
"HUNTER GROUP";NO0012953720;HUNT;"Euronext Expand Oslo";NOK;2,12;2,275;2,12;2,2545;"23/02/2024 16:17";CET;815723;1799403,6625;2,2545;23/02/2024
HYDROGENPRO;NO0010892359;HYPRO;"Oslo Børs";NOK;11,62;11,98;11,56;11,68;"23/02/2024 16:25";CET;82308;962466,38;11,68;23/02/2024
HYNION;NO0010920945;HYN;"Euronext Growth Oslo";NOK;0,41;0,4395;0,40;0,427;"23/02/2024 16:01";CET;123327;49682,642;0,427;23/02/2024
HYON;NO0011204158;HYON;"Euronext Growth Oslo";NOK;0,21;0,236;0,21;0,235;"23/02/2024 16:25";CET;136332;29269,861;0,235;23/02/2024
"HÖEGH AUTOLINERS";NO0011082075;HAUTO;"Oslo Børs";NOK;109,50;110,00;106,00;106,40;"23/02/2024 16:27";CET;591612;63370532,50;106,40;23/02/2024
"HØLAND OG SETSKOG";NO0010012636;HSPG;"Oslo Børs";NOK;136,00;138,00;131,00;131,00;"23/02/2024 14:47";CET;188;25596,00;131,00;23/02/2024
"ICE FISH FARM";NO0010884794;IFISH;"Euronext Growth Oslo";NOK;24,80;27,60;24,80;27,60;"23/02/2024 16:25";CET;1258;32018,80;27,60;23/02/2024
"ICELANDIC SALMON";NO0010724701;ISLAX;"Euronext Growth Oslo";NOK;126,00;126,00;126,00;126,00;"23/02/2024 16:25";CET;500;63000,00;126,00;23/02/2024
"IDEX BIOMETRICS";NO0013107490;IDEX;"Oslo Børs";NOK;1,90;1,90;1,647;1,7478;"23/02/2024 16:25";CET;532203;908747,6902;1,7478;23/02/2024
INDUCT;NO0010536048;INDCT;"Euronext Growth Oslo";NOK;4,00;5,00;4,00;5,00;"23/02/2024 16:12";CET;316;1489,00;5,00;23/02/2024
"INIFY LABORATORIES";SE0017486103;INIFY;"Euronext Growth Oslo";NOK;10,50;10,65;10,30;10,30;"23/02/2024 15:31";CET;15847;164565,00;10,30;23/02/2024
"ININ GROUP";NO0010864036;ININ;"Euronext Growth Oslo";NOK;2,69;2,79;2,69;2,77;"23/02/2024 16:25";CET;167961;468391,73;2,77;23/02/2024
INSTABANK;NO0010762792;INSTA;"Euronext Growth Oslo";NOK;1,765;1,875;1,72;1,82;"23/02/2024 16:27";CET;213551;388490,55;1,82;23/02/2024
"INTEGRATED WIND SO";NO0010955883;IWS;"Euronext Growth Oslo";NOK;45,00;45,00;44,80;44,80;"23/02/2024 15:57";CET;671;30194,00;44,80;23/02/2024
"INTEROIL EXPL PROD";NO0013119255;IOX;"Oslo Børs";NOK;3,30;3,39;3,25;3,3295;"23/02/2024 16:19";CET;59952;197340,157;3,3295;23/02/2024
ITERA;NO0010001118;ITERA;"Oslo Børs";NOK;11,90;12,00;11,85;12,00;"23/02/2024 16:25";CET;13163;156770,65;12,00;23/02/2024
"JINHUI SHIPP TRANS";BMG5137R1088;JIN;"Oslo Børs";NOK;7,14;7,14;6,50;6,94;"23/02/2024 16:25";CET;8000;52534,40;6,94;23/02/2024
"JÆREN SPAREBANK";NO0010359433;JAREN;"Oslo Børs";NOK;280,00;280,00;270,00;274,00;"23/02/2024 16:19";CET;1052;284476,00;274,00;23/02/2024
KID;NO0010743545;KID;"Oslo Børs";NOK;128,80;129,20;127,00;127,00;"23/02/2024 16:25";CET;34459;4412743,80;127,00;23/02/2024
KITRON;NO0003079709;KIT;"Oslo Børs";NOK;35,20;35,20;34,55;34,80;"23/02/2024 16:28";CET;242995;8459031,65;34,80;23/02/2024
"KLAVENESS COMBINAT";NO0010833262;KCC;"Oslo Børs";NOK;100,00;100,50;98,00;100,00;"23/02/2024 16:25";CET;135979;13505520,90;100,00;23/02/2024
"KMC PROPERTIES";NO0010360175;KMCP;"Oslo Børs";NOK;6,90;6,90;6,66;6,78;"23/02/2024 16:25";CET;1034646;6955424,46;6,78;23/02/2024
KOMPLETT;NO0011016040;KOMPL;"Oslo Børs";NOK;10,38;10,40;10,08;10,34;"23/02/2024 16:25";CET;23138;238978,46;10,34;23/02/2024
"KONGSBERG AUTOMOT";NO0003033102;KOA;"Oslo Børs";NOK;1,707;1,73;1,69;1,712;"23/02/2024 16:26";CET;2516403;4289724,32;1,712;23/02/2024
"KONGSBERG GRUPPEN";NO0003043309;KOG;"Oslo Børs";NOK;665,00;671,00;659,50;670,00;"23/02/2024 16:25";CET;163306;109021370,00;670,00;23/02/2024
"KRAFT BANK";NO0010815103;KRAB;"Euronext Growth Oslo";NOK;9,00;9,00;8,70;8,70;"22/02/2024 16:11";CET;1150;10155,00;8,70;23/02/2024
"KYOTO GROUP";NO0010936750;KYOTO;"Euronext Growth Oslo";NOK;15,50;15,50;15,20;15,20;"23/02/2024 13:46";CET;5888;89916,10;15,20;23/02/2024
"LEA BANK";NO0010167331;LEA;"Euronext Growth Oslo";NOK;7,60;7,80;7,58;7,80;"23/02/2024 15:17";CET;28713;220989,24;7,80;23/02/2024
"LERØY SEAFOOD GP";NO0003096208;LSG;"Oslo Børs";NOK;41,30;41,56;40,04;40,42;"23/02/2024 16:25";CET;766029;30928011,98;40,42;23/02/2024
LIFECARE;NO0010591191;LIFE;"Euronext Growth Oslo";NOK;3,84;3,84;3,73;3,80;"23/02/2024 15:00";CET;83719;314598,94;3,80;23/02/2024
"LINK MOBILITY GRP";NO0010894231;LINK;"Oslo Børs";NOK;17,32;17,48;16,92;17,04;"23/02/2024 16:27";CET;386032;6613700,82;17,04;23/02/2024
"LOKOTECH GROUP";NO0010921299;LOKO;"Euronext Growth Oslo";NOK;0,778;0,78;0,75;0,75;"23/02/2024 15:51";CET;214796;161369,43;0,75;23/02/2024
"LUMI GRUPPEN";NO0010927288;LUMI;"Euronext Growth Oslo";NOK;13,70;13,95;13,70;13,95;"23/02/2024 16:05";CET;215;2949,25;13,95;23/02/2024
"LYTIX BIOPHARMA";NO0010405780;LYTIX;"Euronext Growth Oslo";NOK;6,90;6,90;6,20;6,60;"23/02/2024 16:19";CET;78892;496671,95;6,60;23/02/2024
"M VEST WATER";NO0010976343;MVW;"Euronext Growth Oslo";NOK;8,50;8,50;8,50;8,50;"23/02/2024 09:28";CET;25;212,50;8,50;23/02/2024
MAGNORA;NO0010187032;MGN;"Oslo Børs";NOK;28,05;28,15;27,55;28,00;"23/02/2024 16:25";CET;81320;2267743,30;28,00;23/02/2024
MATVAREEXPRESSEN;NO0013008664;MVE;"Euronext Growth Oslo";NOK;74,50;74,50;74,50;74,50;"23/02/2024 14:48";CET;10;745,00;74,50;23/02/2024
MEDISTIM;NO0010159684;MEDI;"Oslo Børs";NOK;210,00;210,00;207,00;207,00;"23/02/2024 16:26";CET;87;18194,00;207,00;23/02/2024
"MELHUS SPAREBANK";NO0006001908;MELG;"Oslo Børs";NOK;165,00;165,00;162,00;162,00;"23/02/2024 16:25";CET;1243;203545,00;162,00;23/02/2024
"MORROW BANK";NO0010694029;MOBA;"Oslo Børs";NOK;3,93;4,03;3,93;3,99;"23/02/2024 16:25";CET;30616;122282,06;3,99;23/02/2024
MOWI;NO0003054108;MOWI;"Oslo Børs";NOK;202,30;203,00;199,00;200,30;"23/02/2024 16:27";CET;616583;117005322,75;200,30;23/02/2024
"MPC CONTAINER SHIP";NO0010791353;MPCC;"Oslo Børs";NOK;15,30;15,575;15,12;15,575;"23/02/2024 16:27";CET;2827359;43556794,205;15,575;23/02/2024
"MPC ENERGY SOLUTIO";NL0015268814;MPCES;"Euronext Growth Oslo";NOK;10,25;10,30;10,15;10,30;"23/02/2024 12:56";CET;16710;171171,50;10,30;23/02/2024
MULTICONSULT;NO0010734338;MULTI;"Oslo Børs";NOK;141,50;143,50;141,50;143,00;"23/02/2024 16:25";CET;1666;238634,50;143,00;23/02/2024
MÅSØVAL;NO0010974983;MAS;"Euronext Growth Oslo";NOK;28,30;28,50;28,00;28,10;"23/02/2024 14:42";CET;6739;189892,80;28,10;23/02/2024
NAPATECH;DK0060520450;NAPA;"Oslo Børs";NOK;18,00;18,00;17,30;17,80;"23/02/2024 16:25";CET;35349;634108,40;17,80;23/02/2024
NAVAMEDIC;NO0010205966;NAVA;"Oslo Børs";NOK;36,70;36,80;35,30;36,70;"23/02/2024 16:15";CET;7653;276007,40;36,70;23/02/2024
NEKKAR;NO0003049405;NKR;"Oslo Børs";NOK;10,46;10,46;10,12;10,30;"23/02/2024 16:25";CET;38581;396287,80;10,30;23/02/2024
NEL;NO0010081235;NEL;"Oslo Børs";NOK;4,751;4,83;4,514;4,514;"23/02/2024 16:25";CET;8375683;38300126,088;4,514;23/02/2024
"NEXT BIOMETRICS GP";NO0010629108;NEXT;"Oslo Børs";NOK;8,26;8,40;8,20;8,40;"23/02/2024 16:25";CET;71112;589918,38;8,40;23/02/2024
"NIDAROS SPAREBANK";NO0010733082;NISB;"Euronext Growth Oslo";NOK;109,00;112,00;109,00;112,00;"22/02/2024 13:11";CET;13;1447,00;112,00;23/02/2024
"NORAM DRILLING";NO0010360019;NORAM;"Euronext Growth Oslo";NOK;39,95;39,95;38,15;38,30;"23/02/2024 16:27";CET;138411;5351837,20;38,30;23/02/2024
NORBIT;NO0010856511;NORBT;"Oslo Børs";NOK;68,60;69,00;67,40;67,60;"23/02/2024 16:27";CET;189869;12954481,20;67,60;23/02/2024
NORCOD;NO0010892912;NCOD;"Euronext Growth Oslo";NOK;14,10;15,15;12,80;12,80;"23/02/2024 16:25";CET;53143;726189,35;12,80;23/02/2024
NORCONSULT;NO0013052209;NORCO;"Oslo Børs";NOK;28,90;29,15;28,80;29,10;"23/02/2024 16:25";CET;894771;25953060,2775;29,10;23/02/2024
"NORDHEALTH A-AKSJE";NO0011002651;NORDH;"Euronext Growth Oslo";NOK;25,00;25,00;25,00;25,00;"23/02/2024 13:44";CET;10000;250000,00;25,00;23/02/2024
"NORDIC AQUA PART";NO0012928805;NOAP;"Euronext Growth Oslo";NOK;94,00;96,00;94,00;96,00;"23/02/2024 16:25";CET;6204;584910,00;96,00;23/02/2024
"NORDIC HALIBUT";NO0003058109;NOHAL;"Euronext Growth Oslo";NOK;21,80;21,80;21,80;21,80;"23/02/2024 16:13";CET;29;632,20;21,80;23/02/2024
"NORDIC MINING";NO0010317340;NOM;"Euronext Expand Oslo";NOK;0,73;0,73;0,71;0,72;"23/02/2024 16:25";CET;8072239;5782905,196;0,72;23/02/2024
"NORDIC SEMICONDUC";NO0003055501;NOD;"Oslo Børs";NOK;93,90;94,36;91,54;91,80;"23/02/2024 16:25";CET;464941;42908913,34;91,80;23/02/2024
"NORDIC TECHNOLOGY";NO0011018434;NTG;"Euronext Growth Oslo";NOK;3,26;3,26;3,26;3,26;"23/02/2024 16:25";CET;200;652,00;3,26;23/02/2024
"NORDIC UNMANNED";NO0010907090;NUMND;"Euronext Growth Oslo";NOK;0,429;0,47;0,41;0,47;"23/02/2024 16:25";CET;409378;169760,604;0,47;23/02/2024
"NORSE ATLANTIC";NO0012885252;NORSE;"Euronext Expand Oslo";NOK;12,30;12,302;11,81;11,902;"23/02/2024 16:25";CET;294599;3539003,756;11,902;23/02/2024
"NORSK HYDRO";NO0005052605;NHY;"Oslo Børs";NOK;57,00;57,12;55,90;56,16;"23/02/2024 16:25";CET;2155683;121275351,86;56,16;23/02/2024
"NORSK RENEWABLES";NO0010941925;NSOL;"Euronext Growth Oslo";NOK;0,391;0,434;0,39;0,39;"23/02/2024 16:02";CET;116850;45813,82;0,39;23/02/2024
"NORSK TITANIUM";NO0010969108;NTI;"Euronext Growth Oslo";NOK;1,43;1,43;1,43;1,43;"23/02/2024 09:11";CET;2000;2860,00;1,43;23/02/2024
"NORSKE SKOG";NO0010861115;NSKOG;"Oslo Børs";NOK;36,30;36,50;36,18;36,40;"23/02/2024 16:25";CET;233605;8479973,04;36,40;23/02/2024
"NORTH ENERGY";NO0010550056;NORTH;"Euronext Expand Oslo";NOK;2,24;2,28;2,18;2,28;"23/02/2024 16:25";CET;146532;325191,06;2,28;23/02/2024
"NORTHERN DRILLING";BMG6624L1090;NODL;"Oslo Børs";NOK;0,404;0,449;0,40;0,412;"23/02/2024 16:27";CET;753890;309595,686;0,412;23/02/2024
"NORTHERN OCEAN LTD";BMG6682J1036;NOL;"Oslo Børs";NOK;8,60;8,60;8,10;8,17;"23/02/2024 16:25";CET;45036;369407,91;8,17;23/02/2024
"NORWEGIAN AIR SHUT";NO0010196140;NAS;"Oslo Børs";NOK;16,885;16,925;16,415;16,59;"23/02/2024 16:29";CET;8987500;149347416,795;16,59;23/02/2024
"NORWEGIAN BLOCK EX";NO0010984966;NBX;"Euronext Growth Oslo";NOK;0,78;0,78;0,676;0,768;"23/02/2024 15:57";CET;103811;72890,434;0,768;23/02/2024
"NRC GROUP";NO0003679102;NRC;"Oslo Børs";NOK;10,92;11,20;10,90;11,18;"23/02/2024 16:25";CET;55475;609885,02;11,18;23/02/2024
"NYKODE THERAPEUTIC";NO0010714785;NYKD;"Oslo Børs";NOK;17,85;18,08;17,65;17,90;"23/02/2024 16:26";CET;355329;6335195,19;17,90;23/02/2024
"OBSERVE MEDICAL";NO0010865009;OBSRV;"Euronext Expand Oslo";NOK;0,334;0,374;0,3295;0,346;"23/02/2024 16:25";CET;1390830;492986,234;0,346;23/02/2024
"OCEAN GEOLOOP";NO0010914641;OCEAN;"Euronext Growth Oslo";NOK;6,62;6,86;6,56;6,84;"23/02/2024 14:29";CET;6464;42790,36;6,84;23/02/2024
"OCEAN SUN";NO0010887565;OSUN;"Euronext Growth Oslo";NOK;4,00;4,00;3,75;3,94;"23/02/2024 14:56";CET;8573;33136,73;3,94;23/02/2024
OCEANTEAM;NO0010317316;OTS;"Oslo Børs";NOK;1,43;1,45;1,33;1,42;"23/02/2024 15:48";CET;45742;63724,68;1,42;23/02/2024
"ODFJELL DRILLING";BMG671801022;ODL;"Oslo Børs";NOK;43,85;43,85;42,85;43,15;"23/02/2024 16:25";CET;195765;8454796,00;43,15;23/02/2024
"ODFJELL SER. A";NO0003399909;ODF;"Oslo Børs";NOK;136,50;136,50;130,50;135,50;"23/02/2024 16:25";CET;42642;5673041,50;135,50;23/02/2024
"ODFJELL SER. B";NO0003399917;ODFB;"Oslo Børs";NOK;126,00;126,00;121,00;123,50;"23/02/2024 16:27";CET;4949;603422,50;123,50;23/02/2024
"ODFJELL TECHNOLOGY";BMG6716L1081;OTL;"Oslo Børs";NOK;63,20;64,80;63,20;63,80;"23/02/2024 16:25";CET;66656;4255975,20;63,80;23/02/2024
OKEA;NO0010816895;OKEA;"Oslo Børs";NOK;23,50;23,50;22,24;22,30;"23/02/2024 16:25";CET;423325;9568543,50;22,30;23/02/2024
"OKEANIS ECO TANKER";MHY641771016;OET;"Oslo Børs";NOK;304,50;306,00;297,00;301,50;"23/02/2024 16:25";CET;53647;16148598,00;301,50;23/02/2024
"OLAV THON EIENDOMS";NO0005638858;OLT;"Oslo Børs";NOK;203,00;204,00;202,00;202,00;"23/02/2024 16:25";CET;1950;395494,00;202,00;23/02/2024
OMDA;NO0010894512;OMDA;"Euronext Growth Oslo";NOK;25,00;25,30;23,60;24,00;"23/02/2024 16:25";CET;107805;2648164,10;24,00;23/02/2024
ORKLA;NO0003733800;ORK;"Oslo Børs";NOK;75,90;76,38;75,64;76,20;"23/02/2024 16:25";CET;669165;50927542,28;76,20;23/02/2024
"OTELLO CORPORATION";NO0010040611;OTEC;"Oslo Børs";NOK;7,84;7,98;7,64;7,70;"23/02/2024 16:26";CET;24279;186957,08;7,70;23/02/2024
OTOVO;NO0010809783;OTOVO;"Oslo Børs";NOK;1,602;1,65;1,60;1,62;"23/02/2024 16:25";CET;1327706;2142262,292;1,62;23/02/2024
"PANORO ENERGY";NO0010564701;PEN;"Oslo Børs";NOK;25,30;25,30;23,90;24,04;"23/02/2024 16:25";CET;723084;17474434,16;24,04;23/02/2024
"PARETO BANK";NO0010397581;PARB;"Oslo Børs";NOK;55,50;55,50;54,50;54,60;"23/02/2024 16:25";CET;23371;1280549,90;54,60;23/02/2024
"PCI BIOTECH HOLD";NO0010405640;PCIB;"Oslo Børs";NOK;1,796;1,928;1,69;1,804;"23/02/2024 16:25";CET;77205;135941,382;1,804;23/02/2024
PETROLIA;CY0102630916;PSE;"Oslo Børs";NOK;4,29;4,29;4,16;4,16;"23/02/2024 16:25";CET;1074;4597,84;4,16;23/02/2024
"PETRONOR E&P";NO0012942525;PNOR;"Oslo Børs";NOK;8,17;8,17;8,00;8,12;"23/02/2024 16:25";CET;169137;1366497,32;8,12;23/02/2024
"PEXIP HOLDING";NO0010840507;PEXIP;"Oslo Børs";NOK;27,16;27,16;26,00;26,62;"23/02/2024 16:25";CET;162438;4301036,80;26,62;23/02/2024
PGS;NO0010199151;PGS;"Oslo Børs";NOK;6,50;6,544;6,292;6,336;"23/02/2024 16:27";CET;3034857;19394971,834;6,336;23/02/2024
"PHILLY SHIPYARD";NO0010395577;PHLY;"Euronext Expand Oslo";NOK;37,50;38,00;36,50;37,30;"23/02/2024 16:25";CET;10045;372413,70;37,30;23/02/2024
PHOTOCURE;NO0010000045;PHO;"Oslo Børs";NOK;55,60;55,80;53,20;54,60;"23/02/2024 16:25";CET;133786;7263943,70;54,60;23/02/2024
"PIONEER PROPERTY";NO0010735681;PPG;"Euronext Expand Oslo";NOK;91,80;91,80;91,80;91,80;"23/02/2024 16:03";CET;14299;1312648,20;91,80;23/02/2024
"POLARIS MEDIA";NO0010466022;POL;"Oslo Børs";NOK;70,00;70,00;70,00;70,00;"23/02/2024 09:00";CET;78;5460,00;70,00;23/02/2024
POLIGHT;NO0012535832;PLT;"Oslo Børs";NOK;12,54;12,76;12,22;12,76;"23/02/2024 16:25";CET;162655;2030209,02;12,76;23/02/2024
PROSAFE;NO0010861990;PRS;"Oslo Børs";NOK;46,30;46,30;44,00;45,20;"23/02/2024 16:25";CET;71609;3208744,85;45,20;23/02/2024
"PROTECTOR FORSIKRG";NO0010209331;PROT;"Oslo Børs";NOK;214,50;216,00;212,50;213,50;"23/02/2024 16:25";CET;32847;7035327,50;213,50;23/02/2024
"PROXIMAR SEAFOOD";NO0010893902;PROXI;"Euronext Growth Oslo";NOK;3,10;3,30;3,10;3,26;"23/02/2024 16:25";CET;352623;1134695,87;3,26;23/02/2024
PRYME;NL00150005Z1;PRYME;"Euronext Growth Oslo";NOK;8,95;9,39;8,94;9,32;"23/02/2024 16:25";CET;80438;734161,98;9,32;23/02/2024
"PYRUM INNOVATIONS";DE000A2G8ZX8;PYRUM;"Euronext Growth Oslo";NOK;480,00;480,00;480,00;480,00;"23/02/2024 16:12";CET;342;164160,00;480,00;23/02/2024
"QUESTERRE ENERGY";CA74836K1003;QEC;"Oslo Børs";NOK;1,97;2,035;1,94;1,962;"23/02/2024 16:25";CET;1968422;3897795,916;1,962;23/02/2024
"RANA GRUBER";NO0010907389;RANA;"Oslo Børs";NOK;69,90;70,70;69,00;70,70;"23/02/2024 16:25";CET;104025;7267568,80;70,70;23/02/2024
"REACH SUBSEA";NO0003117202;REACH;"Oslo Børs";NOK;5,42;5,52;5,42;5,42;"23/02/2024 16:25";CET;332528;1811755,36;5,42;23/02/2024
"REC SILICON";NO0010112675;RECSI;"Oslo Børs";NOK;9,99;10,03;9,542;9,542;"23/02/2024 16:26";CET;2455646;23951254,045;9,542;23/02/2024
RECREATE;NO0010859689;RCR;"Euronext Growth Oslo";NOK;1,05;1,10;1,05;1,10;"22/02/2024 13:59";CET;2230;2353,00;1,10;23/02/2024
REFUELS;NL0015001BF4;REFL;"Euronext Growth Oslo";NOK;16,498;16,498;16,498;16,498;"23/02/2024 10:15";CET;404;6665,192;16,498;23/02/2024
"RIVER TECH";MT0001710103;RIVER;"Euronext Growth Oslo";NOK;25,80;28,20;25,00;28,20;"23/02/2024 16:25";CET;7678;208271,60;28,20;23/02/2024
"ROMERIKE SPAREBK";NO0010808405;ROMER;"Euronext Growth Oslo";NOK;124,00;124,00;124,00;124,00;"23/02/2024 10:00";CET;87;10788,00;124,00;23/02/2024
ROMREAL;BMG763301022;ROM;"Euronext Expand Oslo";NOK;1,97;1,98;1,85;1,85;"23/02/2024 16:25";CET;10108;19948,11;1,85;23/02/2024
"ROMSDAL SPAREBANK";NO0010759988;ROMSB;"Euronext Growth Oslo";NOK;120,00;120,00;120,00;120,00;"23/02/2024 15:15";CET;733;87960,00;120,00;23/02/2024
"S.D. STANDARD ETC";CY0101550917;SDSD;"Oslo Børs";NOK;1,72;1,75;1,72;1,736;"23/02/2024 16:25";CET;745151;1295250,396;1,736;23/02/2024
"SAGA PURE";NO0010572589;SAGA;"Oslo Børs";NOK;1,322;1,322;1,286;1,296;"23/02/2024 16:25";CET;1171296;1515092,348;1,296;23/02/2024
SALMAR;NO0010310956;SALM;"Oslo Børs";NOK;643,40;649,60;639,00;649,20;"23/02/2024 16:25";CET;113550;73544562,80;649,20;23/02/2024
"SALMON EVOLUTION";NO0010892094;SALME;"Oslo Børs";NOK;6,55;6,56;6,46;6,54;"23/02/2024 16:25";CET;288738;1881801,10;6,54;23/02/2024
"SALMONES CAMANCHAC";NO0012451915;SACAM;"Oslo Børs";NOK;26,40;26,40;25,00;25,00;"23/02/2024 16:05";CET;5777;145721,20;25,00;23/02/2024
"SANDNES SPAREBANK";NO0006001007;SADG;"Oslo Børs";NOK;97,80;100,00;97,80;100,00;"23/02/2024 16:25";CET;204954;20488767,40;100,00;23/02/2024
"SAS AB";SE0003366871;SASNO;"Oslo Børs";NOK;0,0195;0,0195;0,0179;0,0189;"23/02/2024 16:25";CET;3406165;62309,0882;0,0189;23/02/2024
SATS;NO0010863285;SATS;"Oslo Børs";NOK;17,12;17,50;16,84;17,50;"23/02/2024 16:25";CET;382986;6575905,38;17,50;23/02/2024
SCANA;NO0003053308;SCANA;"Oslo Børs";NOK;2,58;2,58;2,26;2,33;"23/02/2024 16:27";CET;10350275;24653791,52;2,33;23/02/2024
SCATEC;NO0010715139;SCATC;"Oslo Børs";NOK;68,50;69,05;66,25;66,95;"23/02/2024 16:29";CET;500673;33546216,05;66,95;23/02/2024
"SCHIBSTED SER. A";NO0003028904;SCHA;"Oslo Børs";NOK;321,70;326,70;318,70;319,60;"23/02/2024 16:25";CET;75446;24183777,20;319,60;23/02/2024
"SCHIBSTED SER. B";NO0010736879;SCHB;"Oslo Børs";NOK;311,60;311,60;298,00;298,60;"23/02/2024 16:25";CET;41403;12411461,60;298,60;23/02/2024
"SEABIRD EXPLORAT";CY0101162119;SBX;"Oslo Børs";NOK;4,70;4,70;4,25;4,33;"23/02/2024 16:25";CET;426619;1865300,165;4,33;23/02/2024
"SEACREST PETROLEO";BMG7947V2045;SEAPT;"Euronext Expand Oslo";NOK;6,15;6,16;6,10;6,10;"23/02/2024 16:25";CET;16618;102091,00;6,10;23/02/2024
SEADRILL;BMG7997W1029;SDRL;"Oslo Børs";NOK;456,00;457,50;445,00;446,50;"23/02/2024 16:25";CET;36743;16572486,00;446,50;23/02/2024
"SELVAAG BOLIG";NO0010612450;SBO;"Oslo Børs";NOK;32,45;33,20;32,10;33,00;"23/02/2024 16:25";CET;9876;321342,45;33,00;23/02/2024
"SHELF DRILLING";KYG236271055;SHLF;"Oslo Børs";NOK;27,65;28,00;27,10;28,00;"23/02/2024 16:25";CET;505466;13968330,90;28,00;23/02/2024
"SHELF DRILLING NO";BMG236541097;SDNS;"Euronext Growth Oslo";NOK;29,40;29,40;29,40;29,40;"22/02/2024 09:04";CET;10;294,00;29,40;23/02/2024
"SIEM OFFSHORE";KYG812291253;SIOFF;"Oslo Børs";NOK;30,20;30,20;29,00;29,35;"23/02/2024 16:28";CET;340587;9979075,45;29,35;23/02/2024
"SKANDIA GREENPOWER";NO0010931207;SKAND;"Euronext Growth Oslo";NOK;0,648;0,648;0,568;0,608;"23/02/2024 16:25";CET;161268;95092,374;0,608;23/02/2024
"SKUE SPAREBANK";NO0006001809;SKUE;"Oslo Børs";NOK;240,00;240,00;240,00;240,00;"23/02/2024 14:06";CET;14;3360,00;240,00;23/02/2024
SMARTCRAFT;NO0011008971;SMCRT;"Oslo Børs";NOK;25,20;25,30;25,00;25,00;"23/02/2024 16:25";CET;315768;7903307,90;25,00;23/02/2024
"SMARTOPTICS GROUP";NO0011012502;SMOP;"Euronext Growth Oslo";NOK;17,90;17,90;16,50;16,50;"23/02/2024 16:06";CET;5212;91661,30;16,50;23/02/2024
"SOFTOX SOLUTIONS";NO0010811961;SOFTX;"Euronext Growth Oslo";NOK;1,35;1,39;1,345;1,39;"23/02/2024 16:25";CET;40712;55093,475;1,39;23/02/2024
"SOGN SPAREBANK";NO0006000603;SOGN;"Oslo Børs";NOK;181,00;185,00;181,00;185,00;"23/02/2024 15:28";CET;267;48908,00;185,00;23/02/2024
"SOLSTAD OFFSHORE";NO0003080608;SOFF;"Oslo Børs";NOK;34,54;34,86;34,00;34,02;"23/02/2024 16:25";CET;65984;2262422,50;34,02;23/02/2024
"SPARBNK 68 GR NORD";NO0010887110;SB68;"Euronext Growth Oslo";NOK;163,00;163,00;163,00;163,00;"23/02/2024 11:41";CET;43;7009,00;163,00;23/02/2024
"SPAREBANK 1 SMN";NO0006390301;MING;"Oslo Børs";NOK;141,80;141,80;140,00;141,20;"23/02/2024 16:25";CET;67544;9507933,00;141,20;23/02/2024
"SPAREBANK 1 SR-BK";NO0010631567;SRBNK;"Oslo Børs";NOK;127,90;128,20;127,20;127,60;"23/02/2024 16:25";CET;103503;13213744,10;127,60;23/02/2024
"SPAREBANK 1 SØRØ";NO0006000207;SOON;"Oslo Børs";NOK;64,20;64,20;63,00;63,00;"23/02/2024 16:25";CET;1813;114251,40;63,00;23/02/2024
"SPAREBANKEN MØRE";NO0012483207;MORG;"Oslo Børs";NOK;86,40;86,72;86,40;86,43;"23/02/2024 16:25";CET;4676;404335,47;86,43;23/02/2024
"SPAREBANKEN SØR";NO0006001502;SOR;"Oslo Børs";NOK;143,00;143,00;141,00;142,00;"23/02/2024 16:25";CET;7895;1121102,50;142,00;23/02/2024
"SPAREBANKEN VEST";NO0006000900;SVEG;"Oslo Børs";NOK;116,60;117,00;115,80;117,00;"23/02/2024 16:25";CET;25142;2925130,60;117,00;23/02/2024
"SPAREBANKEN ØST";NO0006222009;SPOG;"Oslo Børs";NOK;56,00;56,00;55,20;56,00;"23/02/2024 16:25";CET;2679;148856,00;56,00;23/02/2024
"SPBK 1 NORDMØRE";NO0010691660;SNOR;"Oslo Børs";NOK;126,00;128,00;126,00;128,00;"23/02/2024 16:25";CET;172;21816,00;128,00;23/02/2024
"SPBK 1 ØSTLANDET";NO0010751910;SPOL;"Oslo Børs";NOK;123,00;123,00;121,20;122,40;"23/02/2024 16:25";CET;38422;4679920,20;122,40;23/02/2024
"SPBK1 HELGELAND";NO0010029804;HELG;"Oslo Børs";NOK;136,00;136,00;135,00;136,00;"23/02/2024 16:25";CET;2033;275174,00;136,00;23/02/2024
"SPBK1 NORD-NORGE";NO0006000801;NONG;"Oslo Børs";NOK;101,00;101,80;100,20;101,80;"23/02/2024 16:25";CET;80008;8085558,60;101,80;23/02/2024
"SPBK1 RINGERIKE";NO0006390400;RING;"Oslo Børs";NOK;300,00;300,00;300,00;300,00;"23/02/2024 09:10";CET;80;24000,00;300,00;23/02/2024
"SPBK1 ØSTFOLD AKE";NO0010285562;SOAG;"Oslo Børs";NOK;320,00;330,00;320,00;330,00;"23/02/2024 16:05";CET;25;8190,00;330,00;23/02/2024
"SPIR GROUP";NO0012548819;SPIR;"Oslo Børs";NOK;5,82;5,88;5,70;5,88;"23/02/2024 16:25";CET;11986;68759,74;5,88;23/02/2024
SPOTLIO;NO0010781560;SPOT;"Euronext Growth Oslo";NOK;0,273;0,273;0,272;0,272;"22/02/2024 12:29";CET;236308;64390,27;0,272;23/02/2024
"STAINLESS TANKERS";NO0012780958;STST;"Euronext Growth Oslo";NOK;55,05;56,13;54,60;55,50;"23/02/2024 16:17";CET;19032;1044903,92;55,50;23/02/2024
"STANDARD SUPPLY";NO0012547308;STSU;"Euronext Growth Oslo";NOK;2,15;2,19;2,11;2,15;"23/02/2024 16:25";CET;2260828;4881012,22;2,15;23/02/2024
STOLT-NIELSEN;BMG850801025;SNI;"Oslo Børs";NOK;383,50;386,50;379,50;386,50;"23/02/2024 16:25";CET;29027;11126444,50;386,50;23/02/2024
STOREBRAND;NO0003053605;STB;"Oslo Børs";NOK;95,30;95,40;94,50;95,36;"23/02/2024 16:25";CET;511745;48651351,92;95,36;23/02/2024
STRONGPOINT;NO0010098247;STRO;"Oslo Børs";NOK;13,50;13,70;13,45;13,55;"23/02/2024 16:25";CET;92173;1250238,00;13,55;23/02/2024
"SUBSEA 7";LU0075646355;SUBC;"Oslo Børs";NOK;142,25;142,90;141,00;141,65;"23/02/2024 16:25";CET;302569;42936704,70;141,65;23/02/2024
"SUNNDAL SPAREBANK";NO0010672900;SUNSB;"Euronext Growth Oslo";NOK;115,00;115,00;112,00;112,00;"23/02/2024 14:10";CET;1600;182697,00;112,00;23/02/2024
TECHSTEP;NO0012916131;TECH;"Oslo Børs";NOK;8,25;8,40;8,15;8,30;"23/02/2024 16:25";CET;3941;32531,55;8,30;23/02/2024
"TECO 2030";NO0010887516;TECO;"Euronext Growth Oslo";NOK;2,76;2,90;2,72;2,72;"23/02/2024 16:25";CET;25768;71469,28;2,72;23/02/2024
"TEKNA HOLDING";NO0010951577;TEKNA;"Oslo Børs";NOK;8,02;8,02;7,70;7,80;"23/02/2024 13:52";CET;1433;11144,60;7,80;23/02/2024
TELENOR;NO0010063308;TEL;"Oslo Børs";NOK;117,35;117,70;115,10;115,85;"23/02/2024 16:25";CET;1133248;117881284,95;115,85;23/02/2024
TGS;NO0003078800;TGS;"Oslo Børs";NOK;99,20;100,10;97,10;98,00;"23/02/2024 16:27";CET;374109;36769352,75;98,00;23/02/2024
"THE KINGFISH COMP";NL00150001S5;KING;"Euronext Growth Oslo";NOK;7,00;7,00;6,68;6,80;"23/02/2024 11:17";CET;4018;26854,38;6,80;23/02/2024
"THOR MEDICAL";NO0010597883;TRMED;"Oslo Børs";NOK;1,13;1,13;1,07;1,094;"23/02/2024 16:25";CET;243545;269458,264;1,094;23/02/2024
TIETOEVRY;FI0009000277;TIETO;"Oslo Børs";NOK;251,00;252,80;250,80;251,80;"23/02/2024 16:25";CET;361;90913,60;251,80;23/02/2024
"TOMRA SYSTEMS";NO0012470089;TOM;"Oslo Børs";NOK;143,90;146,15;142,40;146,15;"23/02/2024 16:25";CET;404163;57611044,70;146,15;23/02/2024
"TOTENS SPAREBANK";NO0006001205;TOTG;"Oslo Børs";NOK;222,00;222,00;222,00;222,00;"23/02/2024 16:25";CET;121;26862,00;222,00;23/02/2024
TREASURE;NO0010763550;TRE;"Oslo Børs";NOK;21,30;21,30;20,60;21,00;"23/02/2024 16:25";CET;6585;138417,90;21,00;23/02/2024
"TYSNES SPAREBANK";NO0010731615;TYSB;"Euronext Growth Oslo";NOK;113,00;113,00;113,00;113,00;"23/02/2024 09:50";CET;49;5537,00;113,00;23/02/2024
ULTIMOVACS;NO0010851603;ULTI;"Oslo Børs";NOK;144,60;144,60;139,00;142,40;"23/02/2024 16:25";CET;95137;13484046,40;142,40;23/02/2024
VEIDEKKE;NO0005806802;VEI;"Oslo Børs";NOK;102,60;104,40;101,60;104,40;"23/02/2024 16:25";CET;151643;15655080,60;104,40;23/02/2024
"VISTIN PHARMA";NO0010734122;VISTN;"Oslo Børs";NOK;22,40;22,50;22,30;22,50;"23/02/2024 16:26";CET;11592;260139,60;22,50;23/02/2024
VOLUE;NO0010894603;VOLUE;"Oslo Børs";NOK;26,20;26,30;25,70;26,05;"23/02/2024 16:25";CET;60051;1564155,25;26,05;23/02/2024
"VOSS VEKSEL OGLAND";NO0003025009;VVL;"Oslo Børs";NOK;254,00;254,00;254,00;254,00;"23/02/2024 09:45";CET;31;7874,00;254,00;23/02/2024
VOW;NO0010708068;VOW;"Oslo Børs";NOK;9,61;9,95;9,55;9,75;"23/02/2024 16:25";CET;28588;277167,49;9,75;23/02/2024
"VOW GREEN METALS";NO0011037483;VGM;"Euronext Growth Oslo";NOK;1,90;1,965;1,83;1,83;"23/02/2024 16:26";CET;47263;88954,175;1,83;23/02/2024
"VÅR ENERGI";NO0011202772;VAR;"Oslo Børs";NOK;31,50;31,56;30,28;30,52;"23/02/2024 16:27";CET;3431701;105018539,48;30,52;23/02/2024
"WALLENIUS WILHELMS";NO0010571680;WAWI;"Oslo Børs";NOK;106,00;106,70;104,00;106,70;"23/02/2024 16:25";CET;214840;22706859,50;106,70;23/02/2024
WEBSTEP;NO0010609662;WSTEP;"Oslo Børs";NOK;21,60;21,60;21,00;21,50;"23/02/2024 16:25";CET;3646;76680,10;21,50;23/02/2024
"WESTERN BULK CHART";NO0010768096;WEST;"Euronext Growth Oslo";NOK;25,85;25,85;23,60;24,95;"23/02/2024 14:20";CET;9700;235167,00;24,95;23/02/2024
"WILH. WILHELMSEN A";NO0010571698;WWI;"Oslo Børs";NOK;370,50;380,00;368,50;380,00;"23/02/2024 16:25";CET;16531;6235470,50;380,00;23/02/2024
"WILH. WILHELMSEN B";NO0010576010;WWIB;"Oslo Børs";NOK;362,00;364,00;357,00;364,00;"23/02/2024 16:25";CET;4458;1607236,00;364,00;23/02/2024
"WPU - WASTE PLASTI";DK0061676400;WPU;"Euronext Growth Oslo";NOK;33,00;33,00;29,00;30,00;"23/02/2024 15:51";CET;16447;510164,30;30,00;23/02/2024
"XPLORA TECHNOLOGIE";NO0010895782;XPLRA;"Euronext Growth Oslo";NOK;13,60;14,35;13,60;13,95;"23/02/2024 16:25";CET;10869;152238,50;13,95;23/02/2024
XXL;NO0010716863;XXL;"Oslo Børs";NOK;0,905;0,911;0,773;0,865;"23/02/2024 16:25";CET;4888925;4195223,083;0,865;23/02/2024
"YARA INTERNATIONAL";NO0010208051;YAR;"Oslo Børs";NOK;344,40;346,60;340,70;345,60;"23/02/2024 16:28";CET;634741;218512439,60;345,60;23/02/2024
ZALARIS;NO0010708910;ZAL;"Oslo Børs";NOK;50,60;51,60;48,90;51,40;"23/02/2024 16:25";CET;44923;2240644,00;51,40;23/02/2024
ZAPTEC;NO0010713936;ZAP;"Oslo Børs";NOK;19,01;19,38;18,33;18,33;"23/02/2024 16:28";CET;743335;13924812,52;18,33;23/02/2024
"ZENITH ENERGY";CA98936C8584;ZENA;"Euronext Growth Oslo";NOK;0,3749;0,3749;0,31;0,3598;"23/02/2024 16:25";CET;969975;340365,6775;0,3598;23/02/2024
ZWIPE;NO0010721277;ZWIPE;"Euronext Growth Oslo";NOK;0,49;0,495;0,45;0,45;"23/02/2024 14:35";CET;30760;14399,84;0,45;23/02/2024
"ZWIPE TR";NO0013068130;ZWIPS;"Euronext Growth Oslo";NOK;0,18;0,18;0,1797;0,1797;"12/02/2024 14:05";CET;9118;1640,00;0,1797;23/02/2024
